번호,부처명,사업명,파일명,원본_시작페이지,원본_끝페이지,페이지수
1,감사원,전산운영경비(정보화),감사원.pdf,20,29,10
2,개인정보보호위원회,개인정보 안전활용 선도기술 개발(R&D),개인정보보호위원회.pdf,30,36,7
3,개인정보보호위원회,신뢰기반의 AI 개인정보 보호·활용 기술개발(R&D),개인정보보호위원회.pdf,37,44,8
4,개인정보보호위원회,안전한 데이터 활용 지원,개인정보보호위원회.pdf,45,57,13
5,경찰청,112시스템운영(정보화),경찰청.pdf,58,63,6
6,경찰청,경찰정보화기반고도화(정보화),경찰청.pdf,64,71,8
7,경찰청,과학기술 기반 군중밀집 관리 기술 개발(R&D),경찰청.pdf,72,77,6
8,경찰청,과학수사시스템구축(정보화),경찰청.pdf,78,83,6
9,경찰청,과학적 범죄수사 고도화 기술 개발(R&D),경찰청.pdf,84,92,9
10,경찰청,불법 마약류 대응을 위한 현장기술 개발(R&D),경찰청.pdf,93,102,10
11,경찰청,사이버범죄수사단서통합분석및추론시스템개발(R&D),경찰청.pdf,103,108,6
12,경찰청,사이버수사 지원기술 개발(R&D),경찰청.pdf,109,116,8
13,경찰청,차세대지능형순찰플랫폼개발(R&D),경찰청.pdf,117,123,7
14,경찰청,치안데이터활용기술개발(R&D),경찰청.pdf,124,130,7
15,경찰청,형사·교통여성·청소년범죄수사역량강화,경찰청.pdf,131,140,10
16,고용노동부,고용노동행정(정보화),고용노동부.pdf,141,151,11
17,고용노동부,내일배움카드(고보),고용노동부.pdf,152,160,9
18,고용노동부,내일배움카드(일반),고용노동부.pdf,161,170,10
19,고용노동부,노동위원회정보화운영(정보화),고용노동부.pdf,171,176,6
20,고용노동부,디지털 기반의 고용서비스 인프라 지원(정보화),고용노동부.pdf,177,188,12
21,고용노동부,미래환경변화 대응 산업안전보건 연구개발(R&D),고용노동부.pdf,189,194,6
22,고용노동부,사업주직업훈련지원금,고용노동부.pdf,195,203,9
23,고용노동부,일자리정보플랫폼 기반 AI 고용서비스 지원(정보화),고용노동부.pdf,204,220,17
24,고용노동부,직업능력개발담당자양성 및 훈련매체개발,고용노동부.pdf,221,232,12
25,고용노동부,직업능력개발심사평가,고용노동부.pdf,233,245,13
26,고용노동부,취약노동자지원,고용노동부.pdf,246,258,13
27,과학기술정보통신부,4대지역외 AX 대전환 기획,과학기술정보통신부.pdf,259,264,6
28,과학기술정보통신부,AGI 준비 프로젝트,과학기술정보통신부.pdf,265,271,7
29,과학기술정보통신부,AI AGENT 선도 국가 사업,과학기술정보통신부.pdf,272,278,7
30,과학기술정보통신부,AI 공간 컴퓨팅 창업 생태계 활성화,과학기술정보통신부.pdf,279,286,8
31,과학기술정보통신부,AI 기반 뇌발달질환 디지털의료기기 실증지원,과학기술정보통신부.pdf,287,294,8
32,과학기술정보통신부,AI 기반 민군 유·무인복합체계 주파수 공동사용 및 운용 기술 개발,과학기술정보통신부.pdf,295,300,6
33,과학기술정보통신부,AI 기반 주파수 간섭분석 및 전파 예측기술 개발(R&D),과학기술정보통신부.pdf,301,308,8
34,과학기술정보통신부,AI 반도체 실증 지원,과학기술정보통신부.pdf,309,319,11
35,과학기술정보통신부,AI 반도체 지원플랫폼,과학기술정보통신부.pdf,320,325,6
36,과학기술정보통신부,AI 분야 오픈소스 생태계 조성,과학기술정보통신부.pdf,326,331,6
37,과학기술정보통신부,AI 융합 OTT 글로벌 진출 확산 지원,과학기술정보통신부.pdf,332,339,8
38,과학기술정보통신부,AI+S&T 혁신 기술 개발(R&D),과학기술정보통신부.pdf,340,345,6
39,과학기술정보통신부,AI-RAN 글로벌 선도 프로젝트(R&D),과학기술정보통신부.pdf,346,351,6
40,과학기술정보통신부,AI-네이티브 첨단바이오 자율실험실(R&D),과학기술정보통신부.pdf,352,357,6
41,과학기술정보통신부,AIxBio 혁신 연구거점 조성 시범사업(R&D),과학기술정보통신부.pdf,358,363,6
42,과학기술정보통신부,AI·SW 중심대학,과학기술정보통신부.pdf,364,370,7
43,과학기술정보통신부,AI·블록체인 융합 기반 자율형 고신뢰 핵심기술 개발(R&D),과학기술정보통신부.pdf,371,378,8
44,과학기술정보통신부,AI기반 개방형 자율 디지털트윈 핵심기술 개발(R&D),과학기술정보통신부.pdf,379,386,8
45,과학기술정보통신부,AI기반 맞춤형 케어서비스 융합선도(R&D),과학기술정보통신부.pdf,387,392,6
46,과학기술정보통신부,AI기반 안전 관리분야 디지털 트윈 선도,과학기술정보통신부.pdf,393,397,5
47,과학기술정보통신부,AI기반 어장 공간정보 빅데이터 플랫폼 구축 및 활용,과학기술정보통신부.pdf,398,403,6
48,과학기술정보통신부,AI기반 침해대응체계 구축(C-Brain),과학기술정보통신부.pdf,404,408,5
49,과학기술정보통신부,AI기반가상융합산업육성,과학기술정보통신부.pdf,409,415,7
50,과학기술정보통신부,AI기반개방형5G-A융합서비스테스트베드구축운영(R&D),과학기술정보통신부.pdf,416,421,6
51,과학기술정보통신부,AI기반디지털가상핵융합로플랫폼개발사업(R&D),과학기술정보통신부.pdf,422,428,7
52,과학기술정보통신부,AI반도체 기반 데이터센터 고도화 선도기술개발(R&D),과학기술정보통신부.pdf,429,434,6
53,과학기술정보통신부,AI반도체를 활용한 K-클라우드 기술개발(R&D),과학기술정보통신부.pdf,435,442,8
54,과학기술정보통신부,AI반도체첨단이종집적기술개발(R&D),과학기술정보통신부.pdf,443,449,7
55,과학기술정보통신부,AI산업육성,과학기술정보통신부.pdf,450,463,14
56,과학기술정보통신부,AI생태계 보안 내재화 핵심기술개발(R&D),과학기술정보통신부.pdf,464,470,7
57,과학기술정보통신부,AI선박 특화 플랫폼 및 애플리케이션 개발·실증,과학기술정보통신부.pdf,471,476,6
58,과학기술정보통신부,AI연구용컴퓨팅지원프로젝트(R&D),과학기술정보통신부.pdf,477,483,7
59,과학기술정보통신부,AI융합 지능형 농업 생태계 구축,과학기술정보통신부.pdf,484,490,7
60,과학기술정보통신부,AI응용제품 신속상용화 지원사업(보안·네트워크·생활 등),과학기술정보통신부.pdf,491,498,8
61,과학기술정보통신부,AI일상화확산,과학기술정보통신부.pdf,499,506,8
62,과학기술정보통신부,AI정밀의료SW선도기반조성,과학기술정보통신부.pdf,507,513,7
63,과학기술정보통신부,AI최고급신진연구자지원사업(R&D),과학기술정보통신부.pdf,514,519,6
64,과학기술정보통신부,AI컴퓨팅 자원 활용 기반 강화,과학기술정보통신부.pdf,520,526,7
65,과학기술정보통신부,AI클라우드 경쟁력강화 기술개발(R&D),과학기술정보통신부.pdf,527,532,6
66,과학기술정보통신부,AI통합바우처,과학기술정보통신부.pdf,533,546,14
67,과학기술정보통신부,AI혁신을 위한 데이터 안전 활용 지원 사업,과학기술정보통신부.pdf,547,552,6
68,과학기술정보통신부,AI활용 미인증 기자재 온라인 모니터링 시스템 구축,과학기술정보통신부.pdf,553,558,6
69,과학기술정보통신부,AX 혁신기업 창의 기술개발(R&D),과학기술정보통신부.pdf,559,564,6
70,과학기술정보통신부,AX실증밸리조성(R&D),과학기술정보통신부.pdf,565,570,6
71,과학기술정보통신부,ICT 전략융합 R%26D 바우처 지원(R&D),과학기술정보통신부.pdf,571,577,7
72,과학기술정보통신부,ICT기반 디지털서비스 탄소중립 혁신기술개발(R&D),과학기술정보통신부.pdf,578,588,11
73,과학기술정보통신부,ICT융합 지능 디바이스 개발 활성화 및 확산 기반구축(R&D),과학기술정보통신부.pdf,589,595,7
74,과학기술정보통신부,K-AI 네트워크 경쟁력 강화 사업,과학기술정보통신부.pdf,596,600,5
75,과학기술정보통신부,K-Health 국민의료 AI서비스 및 산업생태계 구축,과학기술정보통신부.pdf,601,610,10
76,과학기술정보통신부,PIM인공지능반도체핵심기술개발(R&D),과학기술정보통신부.pdf,611,618,8
77,과학기술정보통신부,"SW컴퓨팅산업원천기술개발(R&D,정보화)",과학기술정보통신부.pdf,619,628,10
78,과학기술정보통신부,World Best LLM 데이터 활용 지원,과학기술정보통신부.pdf,629,636,8
79,과학기술정보통신부,가상융합기반피지컬AI핵심기술개발(R&D),과학기술정보통신부.pdf,637,641,5
80,과학기술정보통신부,가상융합지능화핵심기술개발(R&D),과학기술정보통신부.pdf,642,648,7
81,과학기술정보통신부,강원 의료 AX 산업 실증 허브 조성,과학기술정보통신부.pdf,649,655,7
82,과학기술정보통신부,거대인공신경망인공지능반도체SW기술개발(R&D),과학기술정보통신부.pdf,656,662,7
83,과학기술정보통신부,건전정보문화조성(정보화),과학기술정보통신부.pdf,663,672,10
84,과학기술정보통신부,경량·저전력 AI 한계극복기술개발(R&D),과학기술정보통신부.pdf,673,678,6
85,과학기술정보통신부,경쟁형 AI혁신인재 성장 지원,과학기술정보통신부.pdf,679,684,6
86,과학기술정보통신부,고성능 AI(Hyper-AI) 네트워크 기반조성 사업,과학기술정보통신부.pdf,685,689,5
87,과학기술정보통신부,공공AX프로젝트,과학기술정보통신부.pdf,690,696,7
88,과학기술정보통신부,공공행정서비스혁신기술개발(R&D),과학기술정보통신부.pdf,697,717,21
89,과학기술정보통신부,공존가능한 신뢰 AI를 위한 AI Safety 기술개발,과학기술정보통신부.pdf,718,723,6
90,과학기술정보통신부,과학기술혁신인재양성(R&D),과학기술정보통신부.pdf,724,742,19
91,과학기술정보통신부,과학기술혁신정책 지원(R&D),과학기술정보통신부.pdf,743,748,6
92,과학기술정보통신부,광주 AI 실증도시 실현(기본계획수립 용역비),과학기술정보통신부.pdf,749,752,4
93,과학기술정보통신부,광주과학기술원 연구 운영비 지원(R&D),과학기술정보통신부.pdf,753,761,9
94,과학기술정보통신부,국가 AI데이터센터 고도화,과학기술정보통신부.pdf,762,765,4
95,과학기술정보통신부,국가 NPU전용 컴퓨팅센터 광주 설립(설계비),과학기술정보통신부.pdf,766,770,5
96,과학기술정보통신부,국가 데이터 인프라 기반 데이터 혁신(Data-X) 지원,과학기술정보통신부.pdf,771,776,6
97,과학기술정보통신부,국가 플래그십 초고성능컴퓨팅 인프라 고도화 사업(R&D),과학기술정보통신부.pdf,777,784,8
98,과학기술정보통신부,국가과학기술연구회 연구 운영비 지원(R&D),과학기술정보통신부.pdf,785,792,8
99,과학기술정보통신부,국가수리과학연구소 연구 운영비 지원(R&D),과학기술정보통신부.pdf,793,798,6
100,과학기술정보통신부,국가지식정보 연계 및 활용 촉진(정보화),과학기술정보통신부.pdf,799,806,8
101,과학기술정보통신부,국방인공지능핵심기술개발(R&D),과학기술정보통신부.pdf,807,814,8
102,과학기술정보통신부,국산 AI 반도체 기반 마이크로 데이터센터 확산(R&D),과학기술정보통신부.pdf,815,821,7
103,과학기술정보통신부,국산NPU기반 AI CCTV 전환,과학기술정보통신부.pdf,822,827,6
104,과학기술정보통신부,글로벌제조융합SW개발및실증(R&D),과학기술정보통신부.pdf,828,833,6
105,과학기술정보통신부,나노·소재기술개발(R&D),과학기술정보통신부.pdf,834,840,7
106,과학기술정보통신부,대구경북과학기술원 시설 지원(R&D),과학기술정보통신부.pdf,841,847,7
107,과학기술정보통신부,대구경북과학기술원 연구 운영비지원(R&D),과학기술정보통신부.pdf,848,856,9
108,과학기술정보통신부,대학디지털교육역량강화,과학기술정보통신부.pdf,857,866,10
109,과학기술정보통신부,데이터 활용 의료·건강 생태계조성,과학기술정보통신부.pdf,867,873,7
110,과학기술정보통신부,데이터 활용확산 정책지원,과학기술정보통신부.pdf,874,880,7
111,과학기술정보통신부,데이터경제인프라구축,과학기술정보통신부.pdf,881,891,11
112,과학기술정보통신부,데이터기반산업경쟁력강화,과학기술정보통신부.pdf,892,902,11
113,과학기술정보통신부,데이터센터네트워크인프라기술선도사업(R&D),과학기술정보통신부.pdf,903,908,6
114,과학기술정보통신부,동남권원자력의학원연구운영비 지원(R&D),과학기술정보통신부.pdf,909,915,7
115,과학기술정보통신부,동대구 벤처벨리 AI테크포트 구축,과학기술정보통신부.pdf,916,921,6
116,과학기술정보통신부,디지털 AI세포 구축(R&D),과학기술정보통신부.pdf,922,927,6
117,과학기술정보통신부,디지털 질서 기반 구축 및 글로벌 확산 지원,과학기술정보통신부.pdf,928,939,12
118,과학기술정보통신부,디지털 혁신 기술 기반 K-CareNetwork,과학기술정보통신부.pdf,940,946,7
119,과학기술정보통신부,디지털미디어이노베이션기술개발(R&D),과학기술정보통신부.pdf,947,952,6
120,과학기술정보통신부,디지털배움터(세종),과학기술정보통신부.pdf,953,958,6
121,과학기술정보통신부,디지털배움터(자율),과학기술정보통신부.pdf,959,964,6
122,과학기술정보통신부,디지털배움터(제주),과학기술정보통신부.pdf,965,970,6
123,과학기술정보통신부,디지털분야글로벌인재양성(R&D),과학기술정보통신부.pdf,971,978,8
124,과학기술정보통신부,디지털선도기술 핵심인재양성(R&D),과학기술정보통신부.pdf,979,986,8
125,과학기술정보통신부,디지털역량강화교육,과학기술정보통신부.pdf,987,994,8
126,과학기술정보통신부,디지털전문·융합인재양성,과학기술정보통신부.pdf,995,1009,15
127,과학기술정보통신부,디지털트윈 융합 의료혁신 선도사업,과학기술정보통신부.pdf,1010,1019,10
128,과학기술정보통신부,디지털헬스케어 기반 AI 융합혁신 센터 구축,과학기술정보통신부.pdf,1020,1024,5
129,과학기술정보통신부,디지털혁신기술국제공동연구(R&D),과학기술정보통신부.pdf,1025,1035,11
130,과학기술정보통신부,미래디지털인재양성및저변확대,과학기술정보통신부.pdf,1036,1049,14
131,과학기술정보통신부,민관협력기반AI휴머노이드원천기술고도화(R&D),과학기술정보통신부.pdf,1050,1054,5
132,과학기술정보통신부,바이오.의료기술개발(R&D),과학기술정보통신부.pdf,1055,1065,11
133,과학기술정보통신부,반도체원천기술개발사업(R&D),과학기술정보통신부.pdf,1066,1076,11
134,과학기술정보통신부,범정부 인공지능 공통기반 구현(정보화),과학기술정보통신부.pdf,1077,1082,6
135,과학기술정보통신부,복합지능 자율행동체 SW 핵심기술개발(R&D),과학기술정보통신부.pdf,1083,1088,6
136,과학기술정보통신부,불법마약류 대응을 위한 현장기술 개발(R&D),과학기술정보통신부.pdf,1089,1095,7
137,과학기술정보통신부,빅데이터기반생활전자파예측기술개발(R&D),과학기술정보통신부.pdf,1096,1103,8
138,과학기술정보통신부,사람중심인공지능핵심원천기술개발(R&D),과학기술정보통신부.pdf,1104,1114,11
139,과학기술정보통신부,생성AI선도인재양성(R&D),과학기술정보통신부.pdf,1115,1122,8
140,과학기술정보통신부,생체노화리프로그래밍원천기술개발(R&D),과학기술정보통신부.pdf,1123,1129,7
141,과학기술정보통신부,세계김치연구소연구운영비지원(R&D),과학기술정보통신부.pdf,1130,1138,9
142,과학기술정보통신부,소프트웨어인재키움,과학기술정보통신부.pdf,1139,1143,5
143,과학기술정보통신부,스마트 엣지 디바이스 기술개발(R&D),과학기술정보통신부.pdf,1144,1149,6
144,과학기술정보통신부,스마트물류 기술 실증화,과학기술정보통신부.pdf,1150,1155,6
145,과학기술정보통신부,스마트빌리지보급및확산(세종),과학기술정보통신부.pdf,1156,1163,8
146,과학기술정보통신부,스마트빌리지보급및확산(자율),과학기술정보통신부.pdf,1164,1171,8
147,과학기술정보통신부,스마트팜 다부처 패키지 혁신기술개발(R&D),과학기술정보통신부.pdf,1172,1183,12
148,과학기술정보통신부,신종 보이스피싱 조기탐지 기술개발(R&D),과학기술정보통신부.pdf,1184,1190,7
149,과학기술정보통신부,실세계능동형에이전틱AI기술개발(R&D),과학기술정보통신부.pdf,1191,1196,6
150,과학기술정보통신부,연합학습기반 신약개발 가속화 프로젝트(K-MELLODDY)(R&D),과학기술정보통신부.pdf,1197,1203,7
151,과학기술정보통신부,오픈랜실증단지조성,과학기술정보통신부.pdf,1204,1210,7
152,과학기술정보통신부,온디바이스AI기반자율협업IoT및디바이스핵심기술개발(R&D),과학기술정보통신부.pdf,1211,1217,7
153,과학기술정보통신부,우편물류기술연구개발(R&D),과학기술정보통신부.pdf,1218,1223,6
154,과학기술정보통신부,울산과학기술원 연구 운영비 지원(R&D),과학기술정보통신부.pdf,1224,1235,12
155,과학기술정보통신부,융합서비스 글로벌시장 진출지원,과학기술정보통신부.pdf,1236,1256,21
156,과학기술정보통신부,의료 AI 반도체 전문인력 양성센터 구축,과학기술정보통신부.pdf,1257,1264,8
157,과학기술정보통신부,의료AI혁신생태계조성(닥터앤서3.0),과학기술정보통신부.pdf,1265,1271,7
158,과학기술정보통신부,인간-AI 협업형 LAM 개발·글로벌 실증(R&D),과학기술정보통신부.pdf,1272,1277,6
159,과학기술정보통신부,인간인지기반 AI 핵심원천기술개발(R&D),과학기술정보통신부.pdf,1278,1283,6
160,과학기술정보통신부,인간지향적차세대도전형AI기술개발(R&D),과학기술정보통신부.pdf,1284,1291,8
161,과학기술정보통신부,인공지능 신뢰성 혁신 실증사업,과학기술정보통신부.pdf,1292,1297,6
162,과학기술정보통신부,인공지능반도체SW통합플랫폼기술개발(R&D),과학기술정보통신부.pdf,1298,1304,7
163,과학기술정보통신부,인공지능융합혁신인재양성(R&D),과학기술정보통신부.pdf,1305,1311,7
164,과학기술정보통신부,인공지능첨단유망기술개발(R&D),과학기술정보통신부.pdf,1312,1319,8
165,과학기술정보통신부,자율주행 기술개발 혁신사업(R&D),과학기술정보통신부.pdf,1320,1327,8
166,과학기술정보통신부,자율행동체 온디바이스 응용 지원 핵심기술개발(R&D),과학기술정보통신부.pdf,1328,1332,5
167,과학기술정보통신부,재난안전혁신기술개발(R&D),과학기술정보통신부.pdf,1333,1344,12
168,과학기술정보통신부,저궤도 군집 위성통신용 지능형 지상국 핵심기술 개발(R&D),과학기술정보통신부.pdf,1345,1352,8
169,과학기술정보통신부,전국민 AI활용서비스 개발환경 조성,과학기술정보통신부.pdf,1353,1360,8
170,과학기술정보통신부,"정보보호핵심원천기술개발(R&D,정보화)",과학기술정보통신부.pdf,1361,1370,10
171,과학기술정보통신부,정보통신 기반보호 강화(정보화),과학기술정보통신부.pdf,1371,1381,11
172,과학기술정보통신부,정보통신방송혁신인재양성(R&D),과학기술정보통신부.pdf,1382,1412,31
173,과학기술정보통신부,제조업 AI융합 기반 조성,과학기술정보통신부.pdf,1413,1419,7
174,과학기술정보통신부,지능형 홈 산업 육성,과학기술정보통신부.pdf,1420,1426,7
175,과학기술정보통신부,지속가능한 데이터센터 산업 발전 지원,과학기술정보통신부.pdf,1427,1433,7
176,과학기술정보통신부,지역거점AX혁신기술개발(R&D),과학기술정보통신부.pdf,1434,1439,6
177,과학기술정보통신부,지역디지털인재양성,과학기술정보통신부.pdf,1440,1452,13
178,과학기술정보통신부,지역특화 AI 공간컴퓨팅 육성사업,과학기술정보통신부.pdf,1453,1459,7
179,과학기술정보통신부,차세대 AI+S&T 기반기술개발(R&D),과학기술정보통신부.pdf,1460,1465,6
180,과학기술정보통신부,차세대 네트워크 AI파운데이션 모델(NFM) 개발(R&D),과학기술정보통신부.pdf,1466,1471,6
181,과학기술정보통신부,차세대 네트워크 선도 연구시험망 구축운영(R&D),과학기술정보통신부.pdf,1472,1479,8
182,과학기술정보통신부,차세대 특화망 융합산업 활성화 기반구축,과학기술정보통신부.pdf,1480,1484,5
183,과학기술정보통신부,차세대네트워크(6G) 산업기술개발(R&D),과학기술정보통신부.pdf,1485,1493,9
184,과학기술정보통신부,차세대생성AI기술개발(R&D),과학기술정보통신부.pdf,1494,1499,6
185,과학기술정보통신부,차세대지능형반도체기술개발(설계)(R&D),과학기술정보통신부.pdf,1500,1507,8
186,과학기술정보통신부,첨단신약 타겟 발굴 검증 및 기반기술 개발(R&D),과학기술정보통신부.pdf,1508,1513,6
187,과학기술정보통신부,초거대AI 클라우드팜 실증 및 AI 확산 환경조성,과학기술정보통신부.pdf,1514,1521,8
188,과학기술정보통신부,초거대산업AI연구지원(R&D),과학기술정보통신부.pdf,1522,1527,6
189,과학기술정보통신부,초고층 복합시설 복합재난관리 디지털플랫폼 기술개발,과학기술정보통신부.pdf,1528,1533,6
190,과학기술정보통신부,최고급AI해외인재유치지원(R&D),과학기술정보통신부.pdf,1534,1540,7
191,과학기술정보통신부,치매의료기술연구개발사업(R&D),과학기술정보통신부.pdf,1541,1546,6
192,과학기술정보통신부,칩렛기반저전력온디바이스AI반도체기술개발(R&D),과학기술정보통신부.pdf,1547,1552,6
193,과학기술정보통신부,컴퓨팅자원집중형인공지능응용기술개발(R&D),과학기술정보통신부.pdf,1553,1557,5
194,과학기술정보통신부,클라우드컴퓨팅산업육성(정보화),과학기술정보통신부.pdf,1558,1568,11
195,과학기술정보통신부,피지컬AI선도기술개발(R&D),과학기술정보통신부.pdf,1569,1573,5
196,과학기술정보통신부,한국건설기술연구원연구운영비지원(R&D),과학기술정보통신부.pdf,1574,1583,10
197,과학기술정보통신부,한국과학기술연구원 연구 운영비 지원(R&D),과학기술정보통신부.pdf,1584,1596,13
198,과학기술정보통신부,한국과학기술원 연구 운영비 지원(R&D),과학기술정보통신부.pdf,1597,1606,10
199,과학기술정보통신부,한국과학기술정보연구원 연구 운영비 지원(R&D),과학기술정보통신부.pdf,1607,1620,14
200,과학기술정보통신부,한국기계연구원연구운영비지원(R&D),과학기술정보통신부.pdf,1621,1632,12
201,과학기술정보통신부,한국기초과학지원연구원 연구 운영비 지원(R&D),과학기술정보통신부.pdf,1633,1640,8
202,과학기술정보통신부,한국뇌연구원 연구운영비 지원(R&D),과학기술정보통신부.pdf,1641,1649,9
203,과학기술정보통신부,한국산업은행출자(AI컴퓨팅 인프라 확충),과학기술정보통신부.pdf,1650,1656,7
204,과학기술정보통신부,한국생명공학연구원 연구 운영비 지원(R&D),과학기술정보통신부.pdf,1657,1665,9
205,과학기술정보통신부,한국생산기술연구원연구운영비지원(R&D),과학기술정보통신부.pdf,1666,1673,8
206,과학기술정보통신부,한국식품연구원연구운영비지원(R&D),과학기술정보통신부.pdf,1674,1682,9
207,과학기술정보통신부,한국에너지기술연구원연구운영비지원(R&D),과학기술정보통신부.pdf,1683,1693,11
208,과학기술정보통신부,한국원자력연구원 연구 운영비 지원(R&D),과학기술정보통신부.pdf,1694,1704,11
209,과학기술정보통신부,한국재료연구원연구운영비지원(R&D),과학기술정보통신부.pdf,1705,1714,10
210,과학기술정보통신부,한국전자통신연구원연구운영비지원(R&D),과학기술정보통신부.pdf,1715,1730,16
211,과학기술정보통신부,한국지질자원연구원연구운영비지원(R&D),과학기술정보통신부.pdf,1731,1738,8
212,과학기술정보통신부,한국철도기술연구원연구운영비지원(R&D),과학기술정보통신부.pdf,1739,1748,10
213,과학기술정보통신부,한국표준과학연구원 연구 운영비 지원(R&D),과학기술정보통신부.pdf,1749,1761,13
214,과학기술정보통신부,한국핵융합에너지연구원 연구 운영비지원(R&D),과학기술정보통신부.pdf,1762,1771,10
215,과학기술정보통신부,한국화학연구원연구운영비지원(R&D),과학기술정보통신부.pdf,1772,1780,9
216,과학기술정보통신부,해양문화도시 기반의 에이지테크 실증거점 조성,과학기술정보통신부.pdf,1781,1786,6
217,과학기술정보통신부,"해킹바이러스대응체계고도화(정보화,출연)",과학기술정보통신부.pdf,1787,1794,8
218,과학기술정보통신부,협업지능 피지컬AI 기반 SW플랫폼 연구개발 생태계 조성(R&D),과학기술정보통신부.pdf,1795,1800,6
219,관세청,관세행정정보관리(정보화),관세청.pdf,1801,1813,13
220,교육부,4단계 두뇌한국21 사업,교육부.pdf,1814,1822,9
221,교육부,AI 디지털 유니버시티 혁신교육 플랫폼 구축(정보화),교육부.pdf,1823,1827,5
222,교육부,가상실험실습 학습콘텐츠 공유 플랫폼 구축(정보화),교육부.pdf,1828,1838,11
223,교육부,국립대학육성사업,교육부.pdf,1839,1846,8
224,교육부,대학생 AI 기본 교육 지원,교육부.pdf,1847,1852,6
225,교육부,대학정보공시 제도 운영(정보화),교육부.pdf,1853,1861,9
226,교육부,산학연협력 고도화 지원,교육부.pdf,1862,1873,12
227,교육부,소프트웨어인재양성기반구축,교육부.pdf,1874,1881,8
228,교육부,학생교육 교류 지원,교육부.pdf,1882,1896,15
229,교육부,한국장학재단 출연,교육부.pdf,1897,1905,9
230,교육부,한국형 온라인 공개강좌 콘텐츠개발 및 활용 활성화,교육부.pdf,1906,1913,8
231,국가데이터처,통계DB통합및포털서비스(정보화),국가데이터처.pdf,1914,1931,18
232,국가데이터처,통계교육지원,국가데이터처.pdf,1932,1940,9
233,국가데이터처,통계데이터 분석 및 활용 지원(정보화),국가데이터처.pdf,1941,1960,20
234,국가데이터처,통계센터 및 교육시설 운영,국가데이터처.pdf,1961,1968,8
235,국가데이터처,통계연구개발지원,국가데이터처.pdf,1969,1975,7
236,국가유산청,국가유산 지능형 첨단보존 기술개발(R&D),국가유산청.pdf,1976,1980,5
237,국민권익위원회,국민소통시스템 구축 및 운영(정보화),국민권익위원회.pdf,1981,1988,8
238,국방부,AI응용제품 신속 상용화 지원사업(국방),국방부.pdf,1989,1994,6
239,국방부,국내외 전문 군사교육,국방부.pdf,1995,2004,10
240,국방부,국방ICT혁신기술,국방부.pdf,2005,2010,6
241,국방부,민군기술협력(R&D)(국방부),국방부.pdf,2011,2019,9
242,국방부,전투발전연구,국방부.pdf,2020,2030,11
243,국방부,정보체계개발유지(정보화),국방부.pdf,2031,2041,11
244,국방부,정보통신기반체계구축(정보화),국방부.pdf,2042,2053,12
245,국세청,국세정보분석시스템 운영(정보화),국세청.pdf,2054,2059,6
246,국세청,국세행정지원시스템 운영(정보화),국세청.pdf,2060,2074,15
247,국세청,엔티스 전산시스템 운영(정보화),국세청.pdf,2075,2085,11
248,국토교통부,AIXR기반비행장원격관제운용기술개발(R&D),국토교통부.pdf,2086,2093,8
249,국토교통부,AI데이터중심의화물차운송안전향상기술개발(R&D),국토교통부.pdf,2094,2103,10
250,국토교통부,AI모빌리티 시범도시 조성,국토교통부.pdf,2104,2116,13
251,국토교통부,AI응용제품 신속상용화 지원사업(국토·교통),국토교통부.pdf,2117,2123,7
252,국토교통부,AI진단기반항공기로봇검사및정비기술개발(R&D),국토교통부.pdf,2124,2133,10
253,국토교통부,건물에너지소비데이터통합관리기반구축(R&D),국토교통부.pdf,2134,2143,10
254,국토교통부,건설 전주기 안전혁신 기술개발 사업(R&D),국토교통부.pdf,2144,2161,18
255,국토교통부,건설산업정보시스템구축및운영(정보화),국토교통부.pdf,2162,2181,20
256,국토교통부,건축정보시스템구축및운영(정보화),국토교통부.pdf,2182,2192,11
257,국토교통부,공간지식추론엔진기술개발(R&D),국토교통부.pdf,2193,2202,10
258,국토교통부,공동주택건설 생산성 혁신을 위한 다용도-건설작업 로봇설계 및 통합관리기술개발(R&D),국토교통부.pdf,2203,2210,8
259,국토교통부,공항조류탐지및한국형조류관리핵심기술개발(R&D),국토교통부.pdf,2211,2218,8
260,국토교통부,과적단속 효율화를 위한 화물차중량정보 플랫폼 구축 및 실증기술개발사업(R&D),국토교통부.pdf,2219,2227,9
261,국토교통부,광역단위노후건축물디지털안전워치기술개발(R&D),국토교통부.pdf,2228,2236,9
262,국토교통부,교통사고유발도로노면위험요소저감기술개발(R&D),국토교통부.pdf,2237,2247,11
263,국토교통부,국토교통DNA플러스융합기술대학원육성사업(R&D),국토교통부.pdf,2248,2256,9
264,국토교통부,국토이용정보체계구축및운영(정보화),국토교통부.pdf,2257,2270,14
265,국토교통부,국토지형관리(정보화),국토교통부.pdf,2271,2283,13
266,국토교통부,대심도장대터널(GTX등)의재난대응복합훈련장개발(R&D),국토교통부.pdf,2284,2294,11
267,국토교통부,데이터기반철도시스템안전평가예측기술개발(R&D),국토교통부.pdf,2295,2303,9
268,국토교통부,디지털기반건축시공및안전감리기술개발(R&D),국토교통부.pdf,2304,2314,11
269,국토교통부,디지털도로기반 클라우드형 AI-ITS센터플랫폼 운영관리 기술개발사업(R&D),국토교통부.pdf,2315,2322,8
270,국토교통부,디지털트윈국토정보보안기술개발(R&D),국토교통부.pdf,2323,2331,9
271,국토교통부,디지털트윈기반GTX환승안전및혁신기술개발사업(R&D),국토교통부.pdf,2332,2340,9
272,국토교통부,무안공항 차세대 전력망 구축,국토교통부.pdf,2341,2346,6
273,국토교통부,빅데이터기반인공지능도시계획기술개발(R&D),국토교통부.pdf,2347,2354,8
274,국토교통부,빅데이터기반철도네트워크설계및운영기술개발(R&D),국토교통부.pdf,2355,2361,7
275,국토교통부,스마트 빌딩핵심기술개발(R&D),국토교통부.pdf,2362,2370,9
276,국토교통부,스마트시티인프라AIoT핵심기술개발(R&D),국토교통부.pdf,2371,2379,9
277,국토교통부,스마트시티확산사업,국토교통부.pdf,2380,2403,24
278,국토교통부,스마트철도물류혁신기술개발(R&D),국토교통부.pdf,2404,2411,8
279,국토교통부,운전자페달오조작방지및평가기술개발(R&D),국토교통부.pdf,2412,2420,9
280,국토교통부,자율자동차 상용화,국토교통부.pdf,2421,2441,21
281,국토교통부,자율주행글로벌혁신클러스터연구개발사업(R&D),국토교통부.pdf,2442,2452,11
282,국토교통부,지역단위 재난위험도 AI시뮬레이션기반 재난안전관리 기술개발(R&D),국토교통부.pdf,2453,2459,7
283,국토교통부,지역특화형자율주행서비스모델및실증기술개발(R&D),국토교통부.pdf,2460,2466,7
284,국토교통부,철도차량차륜자동검사시스템기술개발(R&D),국토교통부.pdf,2467,2474,8
285,국토교통부,철도치안관리,국토교통부.pdf,2475,2482,8
286,국토교통부,초고층 복합시설 복합재난관리 디지털플랫폼 기술개발(R&D),국토교통부.pdf,2483,2494,12
287,국토교통부,초연결지능도시핵심기반기술개발(R&D),국토교통부.pdf,2495,2501,7
288,금융위원회,FIU전산망구축운영(정보화),금융위원회.pdf,2502,2506,5
289,금융위원회,국민성장펀드,금융위원회.pdf,2507,2512,6
290,금융위원회,신용정보(정보화),금융위원회.pdf,2513,2517,5
291,기상청,기상업무지원기술개발연구(R&D),기상청.pdf,2518,2540,23
292,기상청,기후위기 대응 국가 기후예측시스템 개발(R&D),기상청.pdf,2541,2548,8
293,기상청,선진예보시스템 구축 및 운영(정보화),기상청.pdf,2549,2560,12
294,기획예산처,디지털예산회계시스템 운영(정보화),기획예산처.pdf,2561,2566,6
295,기후에너지환경부,AI기반 분산전력망 산업육성,기후에너지환경부.pdf,2567,2574,8
296,기후에너지환경부,AI기반무탄소에너지활용화학기술개발(R&D),기후에너지환경부.pdf,2575,2581,7
297,기후에너지환경부,AI 기반 분산·예비전력 안전관리 통합 플랫폼 개발 및 실증(R&D),기후에너지환경부.pdf,2582,2590,9
298,기후에너지환경부,AI응용제품 신속 상용화 지원사업(환경),기후에너지환경부.pdf,2591,2597,7
299,기후에너지환경부,K-그리드 인재·창업 밸리,기후에너지환경부.pdf,2598,2607,10
300,기후에너지환경부,광역상수도 안정화,기후에너지환경부.pdf,2608,2631,24
301,기후에너지환경부,국가하천유지보수,기후에너지환경부.pdf,2632,2643,12
302,기후에너지환경부,국립생태원 출연,기후에너지환경부.pdf,2644,2656,13
303,기후에너지환경부,극한지스마트광역탐사를위한로봇-ICT융합기술개발(R&D),기후에너지환경부.pdf,2657,2665,9
304,기후에너지환경부,기후변화 적응 수재해 관리 기술개발사업(R&D),기후에너지환경부.pdf,2666,2675,10
305,기후에너지환경부,기후변화 적응을 위한 생태계 복원 및 관리 기술개발사업,기후에너지환경부.pdf,2676,2682,7
306,기후에너지환경부,대기오염측정망 구축·운영,기후에너지환경부.pdf,2683,2702,20
307,기후에너지환경부,데이터센터탄소중립을위한열관리기술개발(R&D),기후에너지환경부.pdf,2703,2709,7
308,기후에너지환경부,디지털 담수화 플랜트 농축수 자원화 기술개발사업,기후에너지환경부.pdf,2710,2718,9
309,기후에너지환경부,무탄소에너지핵심기술개발사업(R&D),기후에너지환경부.pdf,2719,2739,21
310,기후에너지환경부,물산업정책 및 국제협력,기후에너지환경부.pdf,2740,2751,12
311,기후에너지환경부,미래변화 대응 수자원 안정성 확보 기술개발사업(R&D),기후에너지환경부.pdf,2752,2761,10
312,기후에너지환경부,블록체인 기반 살생물제 정보 지능형 공정관리 기술개발사업(R&D),기후에너지환경부.pdf,2762,2769,8
313,기후에너지환경부,사업장 미세먼지 관리사업,기후에너지환경부.pdf,2770,2787,18
314,기후에너지환경부,상수도정보화시스템구축(정보화),기후에너지환경부.pdf,2788,2800,13
315,기후에너지환경부,생물다양성 보전 및 관리,기후에너지환경부.pdf,2801,2821,21
316,기후에너지환경부,세라믹분야 스마트그린 제조혁신 지원사업(R&D),기후에너지환경부.pdf,2822,2831,10
317,기후에너지환경부,수문조사시설 설치 및 개선,기후에너지환경부.pdf,2832,2843,12
318,기후에너지환경부,수열에너지 활용기술 및 에너지 믹스 기술개발(R&D),기후에너지환경부.pdf,2844,2853,10
319,기후에너지환경부,수용가전기설비원격점검및디지털안전기술개발(R&D),기후에너지환경부.pdf,2854,2861,8
320,기후에너지환경부,장거리 고압수소 배관망 고안전성 확보 및 AI기반 안전관리 기술개발(R&D),기후에너지환경부.pdf,2862,2869,8
321,기후에너지환경부,전력망물리기반AI모델개발및실증(R&D),기후에너지환경부.pdf,2870,2877,8
322,기후에너지환경부,차세대 해양·극지의 환경 및 생태계에 관한 기후예측시스템 개발(R&D),기후에너지환경부.pdf,2878,2884,7
323,기후에너지환경부,폐의류 문제해결 플래그십 재활용 기술개발사업(R&D),기후에너지환경부.pdf,2885,2892,8
324,기후에너지환경부,환경보건 빅데이터 구축 및 AI 활용 고도화 기술개발(R&D),기후에너지환경부.pdf,2893,2899,7
325,기후에너지환경부,환경정보 융합빅데이터 플랫폼 구축(정보화),기후에너지환경부.pdf,2900,2909,10
326,기후에너지환경부,환경정보화기반구축(정보화),기후에너지환경부.pdf,2910,2921,12
327,기후에너지환경부,환경행정 정보서비스 구축(정보화),기후에너지환경부.pdf,2922,2935,14
328,농림축산식품부,AI응용제품 신속 상용화 지원사업(농업),농림축산식품부.pdf,2936,2940,5
329,농림축산식품부,AX기반지능형농작업협업산업화기술개발(R&D),농림축산식품부.pdf,2941,2947,7
330,농림축산식품부,K-수직농장세계화프로젝트(R&D),농림축산식품부.pdf,2948,2956,9
331,농림축산식품부,검역본부정보화(정보화),농림축산식품부.pdf,2957,2966,10
332,농림축산식품부,고부가가치 식품기술개발(R&D),농림축산식품부.pdf,2967,2977,11
333,농림축산식품부,국가 농업 AX플랫폼,농림축산식품부.pdf,2978,2983,6
334,농림축산식품부,농업농촌국민체감AX전환기술개발(R&D),농림축산식품부.pdf,2984,2990,7
335,농림축산식품부,반려동물난치성질환극복기술개발(R&D),농림축산식품부.pdf,2991,2997,7
336,농림축산식품부,스마트팜다부처패키지혁신기술개발(R&D),농림축산식품부.pdf,2998,3011,14
337,농촌진흥청,AI기반작물모니터링및진단플랫폼개발(R&D),농촌진흥청.pdf,3012,3021,10
338,농촌진흥청,국경이동성해충의국제발생예측및방제기술개발(R&D),농촌진흥청.pdf,3022,3031,10
339,농촌진흥청,농업기술정보화(정보화),농촌진흥청.pdf,3032,3049,18
340,농촌진흥청,농작업안전관리기술및웨어러블편이장비개발(R&D),농촌진흥청.pdf,3050,3058,9
341,농촌진흥청,데이터기반농업관측을위한위성영상활용기술개발(R&D),농촌진흥청.pdf,3059,3067,9
342,농촌진흥청,스마트팜다부처패키지혁신기술개발(R&D),농촌진흥청.pdf,3068,3082,15
343,농촌진흥청,지능형농업로봇핵심기반기술개발(R&D),농촌진흥청.pdf,3083,3090,8
344,농촌진흥청,특용작물유래천연활성바이오소재생산및활용기술개발(R&D),농촌진흥청.pdf,3091,3097,7
345,대법원,등기업무전산화(정보화),대법원.pdf,3098,3118,21
346,대법원,사법업무 전산화(정보화),대법원.pdf,3119,3145,27
347,문화체육관광부,4차산업혁명대비 국어빅데이터 구축,문화체육관광부.pdf,3146,3154,9
348,문화체육관광부,AI기반 관광 혁신 기술개발(R&D),문화체육관광부.pdf,3155,3160,6
349,문화체육관광부,개인운동기록 활용 기술개발(R&D),문화체육관광부.pdf,3161,3165,5
350,문화체육관광부,국학진흥 정책기반 조성,문화체육관광부.pdf,3166,3173,8
351,문화체육관광부,문화공간 AX 전환을 위한 차세대 Culture Tech 기술개발(R&D),문화체육관광부.pdf,3174,3178,5
352,문화체육관광부,문화기술 전문인력양성(R&D),문화체육관광부.pdf,3179,3184,6
353,문화체육관광부,문화예술 온톨로지 기반 LLM연계 기술개발(R&D),문화체육관광부.pdf,3185,3189,5
354,문화체육관광부,신기술융합콘텐츠산업 육성,문화체육관광부.pdf,3190,3198,9
355,문화체육관광부,인공지능 기반 공연예술 안전환경 구축 핵심기술개발(R&D),문화체육관광부.pdf,3199,3205,7
356,문화체육관광부,저작권 및 AI 산업 상생협력 지원,문화체육관광부.pdf,3206,3210,5
357,문화체육관광부,저작권보호활동 활성화,문화체육관광부.pdf,3211,3222,12
358,문화체육관광부,한국문화정보원 운영(정보화),문화체육관광부.pdf,3223,3245,23
359,방송미디어통신위원회,디지털미디어이노베이션기술개발(R&D),방송미디어통신위원회.pdf,3246,3252,7
360,방송미디어통신위원회,방송콘텐츠 진흥,방송미디어통신위원회.pdf,3253,3265,13
361,방송미디어통신위원회,안전한 AI 활용 기반 조성,방송미디어통신위원회.pdf,3266,3274,9
362,방송미디어통신위원회,지능정보사회 이용자보호 환경조성,방송미디어통신위원회.pdf,3275,3283,9
363,방위사업청,국방AI선도 연구협력(R&D),방위사업청.pdf,3284,3284,1
364,법무부,검찰업무정보화(정보화),법무부.pdf,3285,3296,12
365,법무부,법률구조,법무부.pdf,3297,3317,21
366,법무부,법무행정정보화(정보화),법무부.pdf,3318,3333,16
367,법무부,재범징후의 선제적 감지 및 대응력 강화기술 연구개발사업(R&D),법무부.pdf,3334,3350,17
368,법무부,첨단범죄및디지털수사(정보화),법무부.pdf,3351,3364,14
369,법제처,법제업무정보화추진(정보화),법제처.pdf,3365,3382,18
370,병무청,병무행정정보화(정보화),병무청.pdf,3383,3388,6
371,보건복지부,AI 모델을 활용한 항체 바이오베터 개발 및 실증(R&D),보건복지부.pdf,3389,3393,5
372,보건복지부,AI기반수술로봇이노베이션랩구축및활용사업(R&D),보건복지부.pdf,3394,3398,5
373,보건복지부,AI응용제품 신속 상용화 지원(보건),보건복지부.pdf,3399,3404,6
374,보건복지부,AI응용제품 신속 상용화 지원(복지),보건복지부.pdf,3405,3410,6
375,보건복지부,K-AI 신약개발 전임상·임상 모델개발(R&D),보건복지부.pdf,3411,3416,6
376,보건복지부,구조기반 AI신약개발지원(R&D),보건복지부.pdf,3417,3420,4
377,보건복지부,국가 통합 바이오 빅데이터 구축(R&D),보건복지부.pdf,3421,3428,8
378,보건복지부,다기관-멀티모달 연합학습 기반 의료인공지능 기술 시범모델 개발(R&D),보건복지부.pdf,3429,3435,7
379,보건복지부,바이오헬스산업 육성 지원,보건복지부.pdf,3436,3465,30
380,보건복지부,발달장애디지털치료제개발(R&D),보건복지부.pdf,3466,3471,6
381,보건복지부,보건의료데이터 상호운용성 지원 기술개발(R&D),보건복지부.pdf,3472,3479,8
382,보건복지부,사회보장정보시스템 구축 및 운영(정보화),보건복지부.pdf,3480,3487,8
383,보건복지부,응급실 특화 AI기반 임상지원시스템 개발(R&D),보건복지부.pdf,3488,3494,7
384,보건복지부,의료 인공지능 특화 융합인재 양성 사업(R&D),보건복지부.pdf,3495,3500,6
385,보건복지부,의료데이터 중심병원 지원사업,보건복지부.pdf,3501,3508,8
386,보건복지부,지역거점AX혁신기술개발(R&D),보건복지부.pdf,3509,3514,6
387,보건복지부,치매의료기술연구개발사업(R&D),보건복지부.pdf,3515,3520,6
388,보건복지부,치매전주기 데이터수집 및 빅데이터 통합시스템 구축사업(R&D),보건복지부.pdf,3521,3526,6
389,보건복지부,한국형 수술질향상 프로젝트(K-NSQIP)(R&D),보건복지부.pdf,3527,3531,5
390,보건복지부,한의약산업육성,보건복지부.pdf,3532,3541,10
391,산림청,AI 기반 임도 설계 및 유지관리 최적화 기술개발(R&D),산림청.pdf,3542,3548,7
392,산림청,고성능 목재수확 기계장비 개발(R&D),산림청.pdf,3549,3556,8
393,산림청,대형산불 대응 지능형 솔루션 기술개발(R&D),산림청.pdf,3557,3566,10
394,산림청,디지털 기반 산림 우수종자 생산공급 기술개발(R&D),산림청.pdf,3567,3573,7
395,산림청,산림과학연구(R&D),산림청.pdf,3574,3591,18
396,산림청,산림분야 그린바이오 미래형 가치사슬 기술개발(R&D),산림청.pdf,3592,3598,7
397,산림청,산불방지대책,산림청.pdf,3599,3634,36
398,산림청,산사태 현장대응 기술개발(R&D),산림청.pdf,3635,3642,8
399,산림청,스마트 산림재해 대응(정보화),산림청.pdf,3643,3652,10
400,산림청,임업현장 맞춤형 푸드테크 기술개발(R&D),산림청.pdf,3653,3660,8
401,산업통상부,AI기반표적맞춤형의약품제조자율랩기술개발사업(R&D),산업통상부.pdf,3661,3677,17
402,산업통상부,AI응용제품 신속 상용화 지원사업(제조),산업통상부.pdf,3678,3687,10
403,산업통상부,AI자율제조SDM플랫폼기술개발사업(R&D),산업통상부.pdf,3688,3702,15
404,산업통상부,AX실증밸리조성(R&D),산업통상부.pdf,3703,3719,17
405,산업통상부,K-온디바이스AI반도체기술개발(R&D),산업통상부.pdf,3720,3728,9
406,산업통상부,K-치안수요기반피지컬AI조명핵심기술개발및실증(R&D),산업통상부.pdf,3729,3737,9
407,산업통상부,No-Code 제조기술 혁신 생태계 구축,산업통상부.pdf,3738,3750,13
408,산업통상부,PIM인공지능반도체핵심기술개발(R&D),산업통상부.pdf,3751,3759,9
409,산업통상부,SDV용AI가속기반도체기술개발(R&D),산업통상부.pdf,3760,3773,14
410,산업통상부,가전산업AX전환을위한AI핵심모듈및혁신제품화기술개발(R&D),산업통상부.pdf,3774,3787,14
411,산업통상부,국가로봇테스트필드사업(R&D),산업통상부.pdf,3788,3801,14
412,산업통상부,국가통합바이오빅데이터구축사업(R&D),산업통상부.pdf,3802,3813,12
413,산업통상부,기계장비산업기술개발(R&D),산업통상부.pdf,3814,3856,43
414,산업통상부,대한무역투자진흥공사,산업통상부.pdf,3857,3870,14
415,산업통상부,로봇산업기술개발(R&D),산업통상부.pdf,3871,3893,23
416,산업통상부,멀티오믹스기반난치암맞춤형진단치료상용화기술개발(R&D),산업통상부.pdf,3894,3906,13
417,산업통상부,미래이차전지원료소재실증플랫폼기반구축,산업통상부.pdf,3907,3916,10
418,산업통상부,민관공동투자반도체고급인력양성(R&D),산업통상부.pdf,3917,3925,9
419,산업통상부,민군기술협력(R&D)(산업부),산업통상부.pdf,3926,3939,14
420,산업통상부,바이오산업개방형생태계조성촉진,산업통상부.pdf,3940,3963,24
421,산업통상부,반도체 첨단 패키징 선도기술개발 사업(R&D),산업통상부.pdf,3964,3974,11
422,산업통상부,범부처감염병방역체계고도화R&D사업(R&D),산업통상부.pdf,3975,4000,26
423,산업통상부,뿌리산업경쟁력강화지원,산업통상부.pdf,4001,4012,12
424,산업통상부,뿌리산업혁신공정장비개발사업(R&D),산업통상부.pdf,4013,4024,12
425,산업통상부,산업AI 솔루션 실증확산 지원,산업통상부.pdf,4025,4033,9
426,산업통상부,산업AI용데이터전처리자동화기술개발(R&D),산업통상부.pdf,4034,4042,9
427,산업통상부,산업기술국제협력(R&D),산업통상부.pdf,4043,4063,21
428,산업통상부,산업단지환경조성,산업통상부.pdf,4064,4090,27
429,산업통상부,산업용무기·유기화합물제형물성예측AI파운데이션모델개발(R&D),산업통상부.pdf,4091,4097,7
430,산업통상부,산업혁신기반구축(R&D),산업통상부.pdf,4098,4132,35
431,산업통상부,산업혁신인재성장지원(R&D),산업통상부.pdf,4133,4161,29
432,산업통상부,산업현장문제해결형산업AI에이전트기술개발(R&D),산업통상부.pdf,4162,4169,8
433,산업통상부,섬유패션산업활성화기반마련,산업통상부.pdf,4170,4182,13
434,산업통상부,세포및유전자치료제제조공정고도화기술개발(R&D),산업통상부.pdf,4183,4197,15
435,산업통상부,소재부품산업기술개발기반구축(R&D),산업통상부.pdf,4198,4219,22
436,산업통상부,열공정특화제조AI파운데이션모델개발(R&D),산업통상부.pdf,4220,4227,8
437,산업통상부,의료데이터합성기술및의료인공지능기술기반디지털의료제품개발(R&D),산업통상부.pdf,4228,4243,16
438,산업통상부,자동차산업기술개발(R&D),산업통상부.pdf,4244,4278,35
439,산업통상부,자원안보를 위한 고부가가치 한국형 텅스텐 전주기 기술 개발 및 실증,산업통상부.pdf,4279,4295,17
440,산업통상부,자율형소프트로봇핵심기술국제공동연구(R&D),산업통상부.pdf,4296,4305,10
441,산업통상부,제조AI 데이터 벨류체인 구축,산업통상부.pdf,4306,4313,8
442,산업통상부,제조데이터표준·인공지능활용제품전주기탄소중립지원기술개발(R&D),산업통상부.pdf,4314,4323,10
443,산업통상부,제조특화 초거대 제조AI 서비스 개발 및 실증,산업통상부.pdf,4324,4329,6
444,산업통상부,조선해양산업기술개발(R&D),산업통상부.pdf,4330,4357,28
445,산업통상부,지식서비스산업기술개발(R&D),산업통상부.pdf,4358,4382,25
446,산업통상부,지역거점AX혁신기술개발(R&D),산업통상부.pdf,4383,4399,17
447,산업통상부,지역전략산업기반고도화(R&D),산업통상부.pdf,4400,4412,13
448,산업통상부,철강·금속 인공지능전환(AX) 실증센터 구축,산업통상부.pdf,4413,4419,7
449,산업통상부,철강산업 AI융합실증 허브 구축사업,산업통상부.pdf,4420,4427,8
450,산업통상부,첨단민군융합기술개발(R&D),산업통상부.pdf,4428,4445,18
451,산업통상부,한국형Manufacturing-X플랫폼표준모델개발및실증(R&D),산업통상부.pdf,4446,4453,8
452,소방청,119빅데이터 분석운영,소방청.pdf,4454,4473,20
453,소방청,소방정보시스템구축(정보화),소방청.pdf,4474,4491,18
454,소방청,위험물 시설 화재·폭발 사고 예방 및 대응 기술개발(R&D),소방청.pdf,4492,4499,8
455,식품의약품안전처,AI 기반 독성예측 평가기술 개발연구(R&D),식품의약품안전처.pdf,4500,4505,6
456,식품의약품안전처,AI응용제품 신속 상용화 지원사업(식품·의료기기 등),식품의약품안전처.pdf,4506,4511,6
457,식품의약품안전처,식의약품 안전정보체계 선진화(정보화),식품의약품안전처.pdf,4512,4582,71
458,식품의약품안전처,신기술 적용 식품(푸드테크) 안전기술 지원(R&D),식품의약품안전처.pdf,4583,4589,7
459,식품의약품안전처,중독자 데이터 기반 마약 중독 재활기술 개발연구(R&D),식품의약품안전처.pdf,4590,4594,5
460,식품의약품안전처,컴퓨터모델링 기반 의료기기 평가체계 구축(R&D),식품의약품안전처.pdf,4595,4602,8
461,외교부,외교업무 디지털 혁신(정보화),외교부.pdf,4603,4612,10
462,우주항공청,국제 거대전파망원경 건설 사업(R&D),우주항공청.pdf,4613,4624,12
463,우주항공청,우주전파재난 위험분석 및 대응기술 개발(R&D),우주항공청.pdf,4625,4640,16
464,우주항공청,한국항공우주연구원 연구 운영비 지원(R&D),우주항공청.pdf,4641,4655,15
465,우주항공청,항공AI 안전성 확보를 위한 자율임무 신뢰성 보증기술 개발(R&D),우주항공청.pdf,4656,4665,10
466,인사혁신처,국가인재개발 지능형 오픈 플랫폼 운영(정보화),인사혁신처.pdf,4666,4670,5
467,인사혁신처,전자인사관리시스템운영(정보화),인사혁신처.pdf,4671,4677,7
468,조달청,조달정보화(정보화),조달청.pdf,4678,4699,22
469,중소벤처기업부,ICT융합스마트공장보급확산,중소벤처기업부.pdf,4700,4714,15
470,중소벤처기업부,데이터 인프라구축(정보화),중소벤처기업부.pdf,4715,4721,7
471,중소벤처기업부,스마트 제조혁신 기술개발사업(R&D),중소벤처기업부.pdf,4722,4730,9
472,중소벤처기업부,신성장기반자금(융자),중소벤처기업부.pdf,4731,4737,7
473,중소벤처기업부,재도약촉진,중소벤처기업부.pdf,4738,4750,13
474,중소벤처기업부,중소기업 스마트 서비스 지원,중소벤처기업부.pdf,4751,4756,6
475,중소벤처기업부,중소기업모태조합출자,중소벤처기업부.pdf,4757,4762,6
476,중소벤처기업부,중소벤처행정정보화(정보화),중소벤처기업부.pdf,4763,4769,7
477,중소벤처기업부,중소제조 특화 Multi AI Agent개발(R&D),중소벤처기업부.pdf,4770,4776,7
478,중소벤처기업부,지역특화 제조데이터 활성화,중소벤처기업부.pdf,4777,4782,6
479,중소벤처기업부,창업사업화지원,중소벤처기업부.pdf,4783,4792,10
480,중소벤처기업부,창업성공패키지,중소벤처기업부.pdf,4793,4799,7
481,중소벤처기업부,창업성장기술개발(R&D),중소벤처기업부.pdf,4800,4805,6
482,중소벤처기업부,투·융자연계기술개발(R&D),중소벤처기업부.pdf,4806,4812,7
483,중소벤처기업부,표준공정 기반 공정최적화 기술개발(R&D),중소벤처기업부.pdf,4813,4818,6
484,중소벤처기업부,혁신창업사업화자금(융자),중소벤처기업부.pdf,4819,4824,6
485,지식재산처,"지식재산 활용(사업화, 거래, 평가) 지원",지식재산처.pdf,4825,4851,27
486,질병관리청,공공기관 임무중심 감염병연구 다부처협력사업(R&D),질병관리청.pdf,4852,4858,7
487,질병관리청,국가 통합 바이오 빅데이터 구축 사업(R&D),질병관리청.pdf,4859,4869,11
488,질병관리청,국가통합바이오빅데이터구축사업Ⅱ(R&D),질병관리청.pdf,4870,4880,11
489,질병관리청,헬스케어 이종데이터 활용체계 및 인공지능 개발(R&D),질병관리청.pdf,4881,4896,16
490,해양경찰청,AI기반해상긴급상황접수및대응체계개발(R&D),해양경찰청.pdf,4897,4904,8
491,해양경찰청,AI기반해양재난대응체계CDX기술개발(R&D),해양경찰청.pdf,4905,4912,8
492,해양경찰청,차세대디지털VTS국제표준서비스및장비개발(R&D),해양경찰청.pdf,4913,4921,9
493,해양경찰청,해양경찰정보화관리(정보화),해양경찰청.pdf,4922,4933,12
494,해양경찰청,해양안전시스템구축관리(정보화),해양경찰청.pdf,4934,4941,8
495,해양수산부,AI 기반 스마트 어업관리 시스템 개발(R&D),해양수산부.pdf,4942,4950,9
496,해양수산부,AI 완전자율운항선박 기술개발사업(R&D),해양수산부.pdf,4951,4956,6
497,해양수산부,AI응용제품 신속상용화 지원사업(해수),해양수산부.pdf,4957,4961,5
498,해양수산부,고품질준실시간해양그리드데이터서비스체계개발(R&D),해양수산부.pdf,4962,4968,7
499,해양수산부,국제사회 IUU어업 예방을 위한 원양어선전자모니터링기술개발(R&D),해양수산부.pdf,4969,4975,7
500,해양수산부,극지연구소 운영지원(R&D),해양수산부.pdf,4976,4983,8
501,해양수산부,남극해 급격한 온난화 대응 남극 해빙 예측 기술 개발(R&D),해양수산부.pdf,4984,4990,7
502,해양수산부,머신러닝 기반 해저면 특성 분류 기술개발(R&D),해양수산부.pdf,4991,4999,9
503,해양수산부,민군경 AI 기반 해양영상 융복합 분석기술 개발(R&D),해양수산부.pdf,5000,5008,9
504,해양수산부,생태계기반수산정책지원기술개발(R&D),해양수산부.pdf,5009,5018,10
505,해양수산부,선박해양플랜트연구소 운영지원(R&D),해양수산부.pdf,5019,5034,16
506,해양수산부,수출입물류항만-내륙연계기술개발(R&D),해양수산부.pdf,5035,5043,9
507,해양수산부,순환적응형연안침식관리기술개발(R&D),해양수산부.pdf,5044,5050,7
508,해양수산부,스마트수산업 응용기술 국산화 및 실증연구(R&D),해양수산부.pdf,5051,5057,7
509,해양수산부,아열대 해양환경 적응 시나리오 개발 대응책 및 활용 체계 구축(R&D),해양수산부.pdf,5058,5064,7
510,해양수산부,양식생물 생물보안체계 구축을 위한 기술개발(R&D),해양수산부.pdf,5065,5071,7
511,해양수산부,유수식 디지털양식 혁신기술개발(R&D),해양수산부.pdf,5072,5079,8
512,해양수산부,자율주행차 해상수출입서비스 기술개발(R&D),해양수산부.pdf,5080,5085,6
513,해양수산부,지능형 빅데이터 분석기반 해양환경누적영향평가 및 의사결정 지원기술개발사업(R&D),해양수산부.pdf,5086,5091,6
514,해양수산부,탄소제로 수중데이터센터 표준모델 개발(R&D),해양수산부.pdf,5092,5098,7
515,해양수산부,한국해양과학기술원운영지원(R&D),해양수산부.pdf,5099,5113,15
516,해양수산부,한국형 연안재해 발생요인 예측기술 개발(R&D),해양수산부.pdf,5114,5122,9
517,해양수산부,해양공간 디지털트윈 적용 및 활용 기술개발(R&D),해양수산부.pdf,5123,5131,9
518,해양수산부,해양배터리 특화 데이터 허브 플랫폼 구축 기술 개발(R&D),해양수산부.pdf,5132,5140,9
519,해양수산부,해양수산 신산업 육성 및 기업투자유치 지원(지원),해양수산부.pdf,5141,5151,11
520,해양수산부,해양수산 융합형 전문인력양성사업(R&D),해양수산부.pdf,5152,5158,7
521,해양수산부,해양자원 탐사를 위한 무인체계 기술개발(R&D),해양수산부.pdf,5159,5164,6
522,행정안전부,공공데이터개방및이용활성화지원(정보화),행정안전부.pdf,5165,5175,11
523,행정안전부,공공부문 AI 서비스 지원(정보화),행정안전부.pdf,5176,5181,6
524,행정안전부,과학수사감정지원,행정안전부.pdf,5182,5193,12
525,행정안전부,데이터기반행정활성화(정보화),행정안전부.pdf,5194,5205,12
526,행정안전부,드론·SAR및디지털트윈연계급경사지위험성분석기술개발(R&D),행정안전부.pdf,5206,5212,7
527,행정안전부,범정부 인공지능 공통기반 구현(정보화),행정안전부.pdf,5213,5219,7
528,행정안전부,재난및안전관리연구개발(R&D),행정안전부.pdf,5220,5228,9
529,행정안전부,재난안전 AI 관제체계 및 데이터 구축(정보화),행정안전부.pdf,5229,5235,7
530,행정안전부,재난안전부처협력기술개발(R&D),행정안전부.pdf,5236,5246,11
531,행정안전부,전자문서소통시스템(정보화),행정안전부.pdf,5247,5256,10
532,행정안전부,정보보호인프라확충(정보화),행정안전부.pdf,5257,5284,28
533,행정안전부,행정서비스통합포털운영(정보화),행정안전부.pdf,5285,5296,12
